Цитата ошибки,Тип ошибки,Правильный вывод или расчет
"Я посчитал, что уровень дефолтов составляет 12,3%, что НИЖЕ целевого показателя в 10%.
Считал так: взял сумму колонки is_default и поделил на 100.",Фактическая и логическая,"PD = sum(is_default) / число строк = 1199 / 5988 ≈ 20,02%, а не 12,3%:
деление на 100 бессмысленно.

12,3% ВЫШЕ целевых 10%, а не ниже."
"Дефолт — это любая просрочка.
Поэтому я считал дефолты как все строки, где days_past_due > 0.
Получилось 28% дефолтов.",Методологическая,"По условию кейса дефолт = просрочка 90+ дней.
Корректная PD = 20,02%. В значение 28% включены технические просрочки 1–89 дней.
Неверное определение искажает все последующие метрики (PD, EL, сегментацию)."
"Я рассчитал корреляцию loan_amount с is_default и получил r = 0,71 (сильная положительная).
Вывод: большие кредиты нужно выдавать осторожнее.",Фактическая,"Указанная связь в данных отсутствует.
Стандартизованный коэффициент логистической регрессии по loan_amount равен −0,148 (слабая отрицательная связь).
Значение r = 0,71 противоречит данным портфеля; вывод не подтвержден."
"Связь DTI с дефолтом незначима (p = 0,28),
поэтому DTI не стоит использовать как критерий одобрения.",Фактическая и методологическая,"DTI — сильнейший предиктор дефолта в портфеле: стандартизованный коэффициент +0,925 (максимальный по модулю).
PD сегмента HIGH составляет 37,43% против 2,15% у сегмента LOW.
Исключение DTI из критериев одобрения лишает банк основного фильтра риска."
"Рекомендую ЗАКРЫТЬ партнерский канал в Южных регионах полностью,
так как он убыточен.","Логическая
(нарушение бизнес-ограничения кейса)","Закрытие South + partner запрещено ограничением кейса —
для этой комбинации допустимо только ужесточение условий.
Фактический DR South+partner = 20,4% при плане 16%.

Корректное действие: точечное ужесточение порогов одобрения."
"При расчете Expected Loss принял LGD = 100%,
так как при дефолте банк теряет всю сумму кредита.",Методологическая,"Принято LGD = 45% (отраслевое допущение для необеспеченной розницы с учетом частичного возмещения через взыскание).
При LGD = 100% EL завышен в 2,2 раза: например, EL сегмента HIGH составляет 194,85 млн руб.
При LGD = 45% и около 433 млн руб. при LGD = 100%."
"Для проверки статистической значимости я использовал t-тест для всех переменных,
включая тип занятости и канал (channel, region).",Методологическая,"Категориальные переменные это χ²-тест по таблице сопряжённости: channel p = 0,008 (связь присутствует),
region p = 0,402 (отсутствует). t-тест по категориальным переменным невалиден."
"Распределение нормальное, поэтому среднее хорошо его описывает
и выбросы не влияют на анализ.",Фактическая и методологическая,"Распределение дохода правосторонне скошено:
среднее = 79 494 руб. > медианы = 77 107 руб.
Выбросы потребовали ограничения по перцентилям.

При скошенном распределении среднее искажено —
нужна медиана. Значение 74 500 руб. получено на сырых
данных без очистки."
